id,title,caption,first_comment
bcos_001,Start with Lite,"Book Content OS Lite gives book reviewers and ARC readers a simple place for notes, dates, links and content ideas. Start small. Keep the admin tidy. Upgrade only when the workflow needs more room.","link in bio"
bcos_002,Your review notes deserve a system,"Scattered review notes are easy to lose. Book Content OS keeps book projects, review notes, ARC dates, links and disclosures in one local-first browser workflow.","link in bio"
bcos_003,From notes to posts,"Turn review notes into a repeatable content flow: capture, plan, write and post. Book Content OS Pro is built for reviewers who want less searching and more creating.","link in bio"
bcos_004,Keep disclosures with review notes,"Gifted copy? Affiliate link? Bookshop link? Keep disclosure notes beside the book project so your review workflow stays cleaner from the start.","link in bio"
bcos_005,Stop losing book links,"Keep affiliate links, bookshop links and posted URLs with the right project instead of hunting through old notes before you post.","link in bio"
bcos_006,Lite or Pro,"Start with Book Content OS Lite if you need a focused free workflow. Move to Pro when you want unlimited local projects and more room to grow.","link in bio"
bcos_007,"One book, five content ideas","A finished book can become a mini review, quote post, reader note, trope post and why-I-picked-it-up post. Plan the pieces inside Book Content OS.","link in bio"
bcos_008,Before you post your review,"Check spoiler-safe notes, clear disclosure, working links and a caption idea before you publish. Keep the moving parts together in Book Content OS.","link in bio"
bcos_009,ARC notes everywhere?,"If ARC notes live across apps, screenshots and scraps, start with one tidy place. Book Content OS Lite helps keep review notes, dates and ideas together.","link in bio"
bcos_010,Three things reviewers forget,"Review notes, ARC deadlines and links/disclosures are easy to miss when they live in different places. Book Content OS keeps the workflow visible.","link in bio"
bcos_011,Upgrade when ready,"Use Lite first. Export your JSON backup or transfer code, then move into Pro when your review workflow outgrows the free version.","link in bio"
bcos_012,Book content without the clutter,"No login. No cloud clutter. Just a local-first browser workflow for review notes, deadlines, book links and content ideas.","link in bio"
bcos_013,For ARC readers,"ARC dates feel small until they cost you a post. Keep due dates, review schedules and posting plans where you can actually see them.","link in bio"
bcos_014,"Less searching, more posting","Review admin should not steal your creative energy. Keep notes, deadlines, links and tasks in one tidy Book Content OS workflow.","link in bio"
bcos_015,A better notes system,"Book reviewers need more than a messy notes app. Save key thoughts, track what to post and keep everything together before the review goes live.","link in bio"
bcos_016,"Private tracker, public bookshelf","Track your reading and review workflow privately, then choose what to share when you are ready. Book Content OS supports private notes and public-facing shelf planning.","link in bio"
bcos_017,Plan book content the tidy way,"Capture book projects, review notes and short-form content ideas in one focused browser app. Start with Lite and build the habit before moving to Pro.","link in bio"
bcos_018,Built for reviewers,"Book Content OS Lite is for ARC readers, reviewers and book-content creators who need a simple place to keep review notes and content plans together.","link in bio"
bcos_019,Ready for Pro,"Book Content OS Pro is for deeper workflows: unlimited local book projects, phone/laptop view, duplicate/search tools, undo delete and CSV export.","link in bio"
bcos_020,Notes to posts,"Turn review notes, content ideas, links and deadlines into a tidy posting workflow. Book Content OS Pro keeps the process moving.","link in bio"
bcos_021,Keep links and disclosures tidy,"Track affiliate or bookshop links and disclosure-risk checks for each book project before you post. Cleaner admin now, clearer posting later.","link in bio"
bcos_022,Move from Lite to Pro,"Export a JSON backup or transfer code from Lite, then import into Pro and keep going. Start simple, then upgrade the workflow when needed.","link in bio"
bcos_023,Try Lite today,"Book Content OS Lite is the free browser version for quick book-content planning: three projects, review notes, ideas, links and manual backup.","link in bio"
bcos_024,Use Lite first,"Start with up to three projects, test the review workflow, then move into Pro later if you want more room and deeper organisation.","link in bio"
bcos_025,Fix the system,"If posting feels harder than reading, the problem is probably the workflow. Capture notes, store links and track disclosures in one place.","link in bio"
bcos_026,Save ideas while fresh,"When a good content idea appears, save it before it disappears. Keep quote ideas, mini reviews and caption prompts with the book project.","link in bio"
bcos_027,Simple local workflow,"Book Content OS is a local-first browser app with manual backup/import. It is made for book content admin without another cloud account.","link in bio"
bcos_028,Review workflow reset,"Use Book Content OS to stop tracking one review across four places. Notes, ARC dates and content ideas should live together.","link in bio"
bcos_029,Public bookshelf ready,"When you are ready to share, export selected books into a clean public bookshelf page. Choose books, add cover images and keep links tidy.","link in bio"
bcos_030,"Book-content admin, simplified","A simple system for people who read, review and post about books. Track privately, organise the workflow and share only what matters.","link in bio"
