day,theme,fact
1,Book History & Origins,"The Diamond Sutra, printed in 868 CE, is often described as the earliest dated, complete printed scroll known to survive."
2,Book History & Origins,"The Diamond Sutra was printed centuries before Gutenberg’s Bible."
3,Book History & Origins,"Early printing in East Asia often used carved wooden blocks rather than movable type."
4,Book History & Origins,"Bi Sheng developed ceramic movable type in China around 1041–1048."
5,Book History & Origins,"Gutenberg’s breakthrough was not just type, but a whole system: type, ink, press, and workflow."
6,Book History & Origins,"Gutenberg was trained as a goldsmith, which helped with metal type."
7,Book History & Origins,"The Gutenberg Bible was completed around 1455 in Mainz."
8,Book History & Origins,"The Gutenberg Bible is also known as the 42-line Bible."
9,Book History & Origins,"Gutenberg’s press adapted ideas from screw presses used for wine and other materials."
10,Book History & Origins,"The printing press helped standardise spelling over time."
11,Book History & Origins,"Before printing, books were copied by hand by scribes."
12,Book History & Origins,"A hand-copied manuscript could take months or years to produce."
13,Book History & Origins,"Illuminated manuscripts often used gold leaf for decoration."
14,Book History & Origins,"Medieval books were expensive because labour, parchment, and pigments were costly."
15,Book History & Origins,"Parchment is made from animal skin."
16,Book History & Origins,"Vellum is a finer form of parchment, often associated with calfskin."
17,Book History & Origins,"Paper spread to Europe through trade and contact with the Islamic world."
18,Book History & Origins,"Rag paper was once made from old linen and cotton textiles."
19,Book History & Origins,"Wood-pulp paper became common in the nineteenth century."
20,Book History & Origins,"Acidic wood-pulp paper can become brittle with age."
21,Book History & Origins,"Many older books survive poorly because their paper chemically degrades."
22,Book History & Origins,"The codex book form gradually replaced the scroll."
23,Book History & Origins,"A codex is closer to the modern book: pages bound along one side."
24,Book History & Origins,"Scrolls are harder to search quickly than paged books."
25,Book History & Origins,"Page numbers became more useful once printed books became common."
26,Book History & Origins,"Early printed books often imitated manuscript design."
27,Book History & Origins,"Some early printed books left blank spaces for hand-painted initials."
28,Book History & Origins,"Incunabula means books printed before 1501."
29,Book History & Origins,"The word incunabula comes from Latin, meaning swaddling clothes or beginnings."
30,Book History & Origins,"Printers’ marks were early brand logos."
31,Printing & Copyright,"William Caxton introduced printing to England in 1476."
32,Printing & Copyright,"Caxton printed in Westminster."
33,Printing & Copyright,"Caxton helped shape printed English by choosing which dialect forms to use."
34,Printing & Copyright,"Early printers were often editors, publishers, booksellers, and entrepreneurs at once."
35,Printing & Copyright,"The Stationers’ Company controlled much of English printing for centuries."
36,Printing & Copyright,"The Stationers’ Register recorded rights to copy and print works."
37,Printing & Copyright,"Early copyright protected printers more than authors."
38,Printing & Copyright,"The Statute of Anne in 1710 is often called the first modern copyright law."
39,Printing & Copyright,"The Statute of Anne began the long process of shifting copyright toward authors."
40,Printing & Copyright,"Copyright originally had limited terms, not perpetual protection."
41,Printing & Copyright,"Public domain works can be reused because copyright has expired or never applied."
42,Printing & Copyright,"Copyright protects expression, not raw ideas."
43,Printing & Copyright,"Book titles are usually not protected by copyright on their own."
44,Printing & Copyright,"Trademarks can protect series names, brands, and logos."
45,Printing & Copyright,"ISBNs identify editions, not just titles."
46,Printing & Copyright,"A paperback and hardback of the same book usually need different ISBNs."
47,Printing & Copyright,"ISBNs evolved from 9-digit UK roots to 10-digit international standards before the later 13-digit system."
48,Printing & Copyright,"ISBNs were 10 digits before the modern 13-digit system."
49,Printing & Copyright,"Since 2007, ISBNs have been 13 digits."
50,Printing & Copyright,"The final digit of an ISBN is a check digit used to detect errors."
51,Metadata & Covers,"Barcodes help retailers scan and track books."
52,Metadata & Covers,"A barcode is not the same thing as an ISBN."
53,Metadata & Covers,"Metadata is often what helps a book get discovered before the cover does."
54,Metadata & Covers,"Book metadata includes title, subtitle, contributors, description, categories, keywords, format, and price."
55,Metadata & Covers,"Bad metadata can make a good book hard to find."
56,Metadata & Covers,"A subtitle can do commercial work by explaining the book’s promise."
57,Metadata & Covers,"A book description is sales copy, not just a summary."
58,Metadata & Covers,"Back-cover copy usually needs a hook, benefit, and reason to buy."
59,Metadata & Covers,"The first line of a book description often matters most."
60,Metadata & Covers,"Book covers are packaging, not decoration."
61,Metadata & Covers,"A book cover has to communicate genre quickly."
62,Metadata & Covers,"A thumbnail cover needs to work at small size online."
63,Metadata & Covers,"High contrast helps covers survive small-screen browsing."
64,Metadata & Covers,"A beautiful cover can still fail if it signals the wrong genre."
65,Metadata & Covers,"Readers often judge professionalism before they judge content."
66,Paperbacks & Popular Publishing,"Penguin Books launched its cheap paperback line in 1935."
67,Paperbacks & Popular Publishing,"Early Penguin paperbacks were colour-coded by category."
68,Paperbacks & Popular Publishing,"Penguin’s orange covers became strongly associated with fiction."
69,Paperbacks & Popular Publishing,"Penguin’s early paperbacks helped make quality books cheaper and more portable."
70,Paperbacks & Popular Publishing,"Paperbacks changed reading by making books easier to buy casually."
71,Paperbacks & Popular Publishing,"Railway stations were important early paperback sales locations."
72,Paperbacks & Popular Publishing,"The airport novel exists because travel created a market for portable reading."
73,Paperbacks & Popular Publishing,"Pulp fiction got its name from cheap wood-pulp paper."
74,Paperbacks & Popular Publishing,"Dime novels were cheap popular fiction sold in nineteenth-century America."
75,Paperbacks & Popular Publishing,"Serial publishing allowed readers to buy stories in instalments."
76,Paperbacks & Popular Publishing,"Charles Dickens published many works serially."
77,Paperbacks & Popular Publishing,"Serialisation helped publishers test and build reader demand."
78,Paperbacks & Popular Publishing,"Cliffhangers existed long before streaming television."
79,Paperbacks & Popular Publishing,"Magazines were once one of the strongest fiction markets."
80,Paperbacks & Popular Publishing,"Many famous authors built careers through periodicals."
81,Paperbacks & Popular Publishing,"Newspapers helped create mass literacy demand."
82,Paperbacks & Popular Publishing,"Coffee houses were important reading and news-sharing spaces."
83,Paperbacks & Popular Publishing,"Pamphlets were a major political publishing format."
84,Paperbacks & Popular Publishing,"Small formats can spread ideas quickly because they are cheap to print."
85,Paperbacks & Popular Publishing,"Chapbooks were small, cheap booklets sold by travelling sellers."
86,Paperbacks & Popular Publishing,"Almanacs were once among the most practical household books."
87,Paperbacks & Popular Publishing,"Calendars, tide tables, and farming notes made almanacs useful."
88,Paperbacks & Popular Publishing,"Cookbooks are one of publishing’s most durable practical genres."
89,Paperbacks & Popular Publishing,"Religious publishing has been central to book history."
90,Paperbacks & Popular Publishing,"Bibles were among the earliest large-scale printed books in Europe."
91,Paperbacks & Popular Publishing,"Prayer books and hymnals helped sustain printing businesses."
92,Paperbacks & Popular Publishing,"Schoolbooks created repeat demand for publishers."
93,Paperbacks & Popular Publishing,"Textbooks are powerful because schools buy by curriculum need."
94,Paperbacks & Popular Publishing,"Dictionaries helped standardise spelling and usage."
95,Paperbacks & Popular Publishing,"Encyclopaedias were early knowledge systems in book form."
96,Book Design & Production,"The title page developed into a key marketing and identification page."
97,Book Design & Production,"Early books did not always have modern title pages."
98,Book Design & Production,"The copyright page is partly legal notice, partly production record."
99,Book Design & Production,"The verso is the left-hand page of an open book."
100,Book Design & Production,"The recto is the right-hand page of an open book."
101,Book Design & Production,"Front matter appears before the main text."
102,Book Design & Production,"Back matter appears after the main text."
103,Book Design & Production,"A foreword is usually written by someone other than the author."
104,Book Design & Production,"A preface is usually written by the author."
105,Book Design & Production,"An introduction explains how to approach the book."
106,Book Design & Production,"An appendix holds supporting material."
107,Book Design & Production,"An index helps readers find topics quickly."
108,Book Design & Production,"A glossary explains specialist terms."
109,Book Design & Production,"A colophon can record production details."
110,Book Design & Production,"Colophons were more common in older books but still appear today."
111,Book Design & Production,"Running heads help readers navigate a book."
112,Book Design & Production,"Folios are page numbers."
113,Book Design & Production,"Widows and orphans are lonely lines stranded at page breaks."
114,Book Design & Production,"Kerning adjusts space between individual letter pairs."
115,Book Design & Production,"Tracking adjusts spacing across a range of letters."
116,Book Design & Production,"Leading is the space between lines of type."
117,Book Design & Production,"Serif fonts have small finishing strokes."
118,Book Design & Production,"Sans-serif fonts do not have those strokes."
119,Book Design & Production,"Body text usually needs calmer typography than a cover."
120,Book Design & Production,"Display fonts are built for headlines, not long reading."
121,Book Design & Production,"Justified text can create rivers of white space."
122,Book Design & Production,"Hyphenation helps justified text avoid ugly spacing."
123,Book Design & Production,"Margins are part of the reading experience."
124,Book Design & Production,"A gutter margin protects text from disappearing into the binding."
125,Book Design & Production,"Trim size affects cost, feel, and market positioning."
126,Book Design & Production,"Bleed means artwork extends beyond the trim edge."
127,Book Design & Production,"Full-bleed printing requires extra artwork beyond the final page size."
128,Book Design & Production,"No-bleed interiors are simpler for many print-on-demand books."
129,Book Design & Production,"CMYK is the traditional colour model for print."
130,Book Design & Production,"RGB is the colour model for screens."
131,Print & Format,"A colour can look different on screen and in print."
132,Print & Format,"DPI means dots per inch in print output."
133,Print & Format,"300 DPI is a common target for sharp printed images."
134,Print & Format,"Vector graphics can scale without losing sharpness."
135,Print & Format,"Raster graphics can pixelate when enlarged."
136,Print & Format,"PDF became a standard way to preserve layout."
137,Print & Format,"A print-ready PDF should embed or preserve fonts properly."
138,Print & Format,"Missing fonts can change line breaks and page flow."
139,Print & Format,"A proof copy is a test copy before wider release."
140,Print & Format,"Print proofs catch problems screens often miss."
141,Print & Format,"A book can pass digital checks and still look wrong in print."
142,Print & Format,"Spine text depends on page count and paper thickness."
143,Print & Format,"Very thin books may not have printable spine text."
144,Print & Format,"Cover templates use trim, spine width, bleed, and barcode area."
145,Print & Format,"A barcode area should be left clean unless the printer adds it separately."
146,Print & Format,"Matte covers can feel softer and reduce glare."
147,Print & Format,"Gloss covers can make colours appear more vivid."
148,Print & Format,"Cream paper is often used for fiction."
149,Print & Format,"White paper is often used for workbooks, manuals, and image-heavy interiors."
150,Print & Format,"Large-print books need more than just a bigger font."
151,Print & Format,"Large-print layout also needs spacing, margins, and readability checks."
152,Print & Format,"Puzzle books rely heavily on consistency."
153,Print & Format,"A single wrong solution can damage trust in a puzzle product."
154,Print & Format,"Activity books need clear instructions before clever design."
155,Print & Format,"Workbooks sell better when the buyer understands the outcome."
156,Publishing Business,"A publisher’s list is the catalogue of books it publishes."
157,Publishing Business,"A backlist is older books that remain available."
158,Publishing Business,"A frontlist is the new or current publishing season’s titles."
159,Publishing Business,"Backlist can be more profitable than frontlist because costs are already spent."
160,Publishing Business,"Evergreen books sell because the need does not expire quickly."
161,Publishing Business,"Seasonal books sell around predictable calendar moments."
162,Publishing Business,"A series can lower marketing effort because each book promotes the others."
163,Publishing Business,"A strong series brand makes repeat buying easier."
164,Publishing Business,"Book imprints help publishers separate audiences or genres."
165,Publishing Business,"An imprint can be a brand inside a larger publishing company."
166,Publishing Business,"A publisher’s colophon mark can become a trust symbol."
167,Publishing Business,"Advance reader copies are early review copies."
168,Publishing Business,"ARCs are usually not final retail editions."
169,Publishing Business,"Proofreading catches surface errors."
170,Publishing Business,"Copyediting improves clarity, grammar, consistency, and style."
171,Publishing Business,"Developmental editing works on structure and content."
172,Publishing Business,"Line editing focuses on sentence-level flow and style."
173,Publishing Business,"Fact-checking is separate from proofreading."
174,Publishing Business,"A style sheet records editorial decisions."
175,Publishing Business,"Style sheets keep spellings and names consistent."
176,Publishing Business,"House style is a publisher’s preferred editorial standard."
177,Publishing Business,"A typo in a title or cover is more damaging than a typo deep inside."
178,Publishing Business,"Readers forgive some human error but not carelessness in packaging."
179,Publishing Business,"A book’s promise should match its content."
180,Publishing Business,"Overpromising creates refunds, bad reviews, and distrust."
181,Publishing Business,"Genre expectations are a hidden contract with the reader."
182,Publishing Business,"A romance cover, thriller cover, and textbook cover are selling different promises."
183,Publishing Business,"The wrong category can make a book invisible to its true buyer."
184,Publishing Business,"The right niche can beat a broad market."
185,Publishing Business,"Good publishing is often packaging, timing, and distribution—not just content."
186,Libraries & Collecting,"Booksellers need books to be easy to shelve."
187,Libraries & Collecting,"Spine design matters because books often sit spine-out."
188,Libraries & Collecting,"Bookshops use categories as navigation systems."
189,Libraries & Collecting,"Libraries use cataloguing systems as discovery systems."
190,Libraries & Collecting,"The Library of Congress prepares CIP data for some books before publication."
191,Libraries & Collecting,"CIP data helps libraries and book dealers process new books."
192,Libraries & Collecting,"MARC records are machine-readable catalogue records."
193,Libraries & Collecting,"Subject headings help readers find books by topic."
194,Libraries & Collecting,"Keywords and subject headings are not the same thing."
195,Libraries & Collecting,"A library catalogue is a metadata machine."
196,Libraries & Collecting,"Legal deposit preserves a nation’s publishing output."
197,Libraries & Collecting,"UK legal deposit has existed in English law since 1662."
198,Libraries & Collecting,"UK legal deposit was updated to include electronic publications in 2013."
199,Libraries & Collecting,"Legal deposit is about cultural preservation, not sales."
200,Libraries & Collecting,"National libraries are memory institutions."
201,Libraries & Collecting,"A book can be commercially unsuccessful but historically valuable."
202,Libraries & Collecting,"Many books survive because libraries kept them."
203,Libraries & Collecting,"Some bestsellers vanish from memory; some slow sellers become classics."
204,Libraries & Collecting,"First editions can become collectible because of scarcity and cultural importance."
205,Libraries & Collecting,"A signed copy is not automatically valuable."
206,Libraries & Collecting,"Condition strongly affects collectible book value."
207,Libraries & Collecting,"Dust jackets are often more valuable than casual readers expect."
208,Libraries & Collecting,"Many old dust jackets were thrown away because they were seen as packaging."
209,Libraries & Collecting,"A bookplate marks ownership inside a book."
210,Libraries & Collecting,"Marginalia can make a copy historically interesting."
211,Libraries & Collecting,"An author inscription can add provenance."
212,Libraries & Collecting,"Provenance is the ownership history of an object."
213,Libraries & Collecting,"Book collectors often care about edition, impression, condition, and provenance."
214,Libraries & Collecting,"First edition and first printing are not always the same thing."
215,Libraries & Collecting,"Number lines help identify printings in many modern books."
216,Printing Economics,"A print run is the number of copies printed at one time."
217,Printing Economics,"Offset printing becomes economical at larger quantities."
218,Printing Economics,"Digital printing works well for shorter runs."
219,Printing Economics,"Print-on-demand reduces inventory risk."
220,Printing Economics,"Print-on-demand makes books after orders arrive."
221,Printing Economics,"POD changed self-publishing by removing the need to buy boxes of stock."
222,Printing Economics,"Inventory risk used to be one of publishing’s biggest barriers."
223,Printing Economics,"Returns are a major feature of traditional book retail."
224,Printing Economics,"Book returns can make publisher cashflow unpredictable."
225,Printing Economics,"Remaindering sells unsold stock at heavy discount."
226,Printing Economics,"A remainder mark may be put on discounted unsold books."
227,Printing Economics,"Warehousing is a hidden cost in physical publishing."
228,Printing Economics,"Shipping costs can shape format decisions."
229,Printing Economics,"Heavy hardbacks cost more to move than paperbacks."
230,Printing Economics,"Trim size can affect shipping and production costs."
231,Printing Economics,"A book’s price must cover production, platform fees, tax, returns, and profit."
232,Printing Economics,"A high royalty percentage does not guarantee high profit."
233,Printing Economics,"Net profit matters more than headline royalty."
234,Printing Economics,"Discounting can increase sales while reducing profit per unit."
235,Printing Economics,"Free books can be marketing tools, but not a business model by themselves."
236,Lead Magnets & Templates,"Lead magnets work when they point to a paid offer."
237,Lead Magnets & Templates,"A sample chapter is a publishing lead magnet."
238,Lead Magnets & Templates,"A checklist can be a stronger lead magnet than a long ebook."
239,Lead Magnets & Templates,"Practical publishing assets sell when they save time or reduce confusion."
240,Lead Magnets & Templates,"Templates sell because they turn knowledge into action."
241,Lead Magnets & Templates,"A blank template is less valuable than a guided template."
242,Lead Magnets & Templates,"Examples help buyers understand how to use a template."
243,Lead Magnets & Templates,"Buyers often need a starting point more than a theory lesson."
244,Lead Magnets & Templates,"Clear file naming reduces support requests."
245,Lead Magnets & Templates,"A start here file is part of product design."
246,Rights & World Book Culture,"World Book and Copyright Day is celebrated by UNESCO on 23 April."
247,Rights & World Book Culture,"23 April is associated with the deaths of several major literary figures, which helped make it symbolically important for World Book Day."
248,Rights & World Book Culture,"Book fairs are trade engines as much as cultural events."
249,Rights & World Book Culture,"The Frankfurt Book Fair is one of the world’s major publishing trade fairs."
250,Rights & World Book Culture,"Rights deals are often made long before readers see the finished book."
251,Rights & World Book Culture,"Translation rights let a book enter new language markets."
252,Rights & World Book Culture,"Film rights are separate from book publishing rights."
253,Rights & World Book Culture,"Audio rights are separate from print rights."
254,Rights & World Book Culture,"Territory matters in publishing contracts."
255,Rights & World Book Culture,"UK rights and US rights can be sold separately."
256,Rights & World Book Culture,"A literary agent sells rights on behalf of authors."
257,Rights & World Book Culture,"Agents usually earn commission rather than upfront fees."
258,Rights & World Book Culture,"An advance is money paid before royalties earn out."
259,Rights & World Book Culture,"A book earns out when royalties cover the advance."
260,Rights & World Book Culture,"Many traditionally published books do not earn out their advances."
261,Rights & World Book Culture,"Royalties are usually calculated from contract terms, not simply cover price."
262,Rights & World Book Culture,"Subsidiary rights can become more valuable than the original edition."
263,Rights & World Book Culture,"Large-print rights can be licensed separately."
264,Rights & World Book Culture,"Book club rights were historically important."
265,Rights & World Book Culture,"Serial rights let magazines or newspapers publish excerpts."
266,Rights & World Book Culture,"Anthology rights allow a piece to appear in a collection."
267,Rights & World Book Culture,"Permissions are needed when using protected material beyond fair dealing or fair use."
268,Rights & World Book Culture,"Quoting song lyrics is legally risky because rights are tightly controlled."
269,Rights & World Book Culture,"Images often have separate copyright from the text around them."
270,Rights & World Book Culture,"Public domain text can still appear in a modern copyrighted edition."
271,Rights & World Book Culture,"A new introduction or notes can be copyrighted even if the original text is public domain."
272,Rights & World Book Culture,"Translations can have their own copyright."
273,Rights & World Book Culture,"Illustrations can have separate rights from the manuscript."
274,Rights & World Book Culture,"Fonts can have licences too."
275,Rights & World Book Culture,"Stock images must be used within licence terms."
276,Editorial & Admin,"A book’s acknowledgements can reveal its production network."
277,Editorial & Admin,"Editors often shape books invisibly."
278,Editorial & Admin,"Proofreaders are rarely noticed unless something goes wrong."
279,Editorial & Admin,"Indexers create one of the most useful parts of many nonfiction books."
280,Editorial & Admin,"A bad index can make a good reference book frustrating."
281,Editorial & Admin,"Some indexes include jokes or hidden entries."
282,Editorial & Admin,"Footnotes can carry scholarship, jokes, or arguments."
283,Editorial & Admin,"Endnotes are less intrusive but harder to browse."
284,Editorial & Admin,"Bibliographies build trust by showing sources."
285,Editorial & Admin,"Citations are part of a book’s credibility system."
286,Editorial & Admin,"Plagiarism is about copying expression or ideas without proper credit."
287,Editorial & Admin,"Copyright infringement and plagiarism are related but not identical."
288,Editorial & Admin,"A work can be plagiarised without being copyright-infringing."
289,Editorial & Admin,"A work can infringe copyright even if the copier gives credit."
290,Editorial & Admin,"Permissions logs protect publishers from future confusion."
291,Editorial & Admin,"Asset registers help track where images, fonts, and templates came from."
292,Editorial & Admin,"Publishing workflows fail when evidence is scattered."
293,Editorial & Admin,"A clean folder structure is a commercial advantage."
294,Editorial & Admin,"Version control is not just for software."
295,Editorial & Admin,"File names are metadata too."
296,Editorial & Admin,"Dates in filenames help sort production history."
297,Editorial & Admin,"Final_final_REAL.pdf is a warning sign, not a system."
298,Editorial & Admin,"A change log can prevent expensive mistakes."
299,Editorial & Admin,"A launch checklist reduces emotional decision-making."
300,Editorial & Admin,"A preflight check means checking files before production or upload."
301,Editorial & Admin,"A book can be rejected because of technical file issues, not content quality."
302,Editorial & Admin,"Page size mismatch is a common print-production problem."
303,Editorial & Admin,"Low-resolution images can pass casual viewing but fail print quality."
304,Editorial & Admin,"Transparent PNGs are useful for logos and overlays."
305,Editorial & Admin,"Flattened images can prevent unexpected layer problems."
306,Digital & Self-Publishing,"Ebooks reflow on different devices."
307,Digital & Self-Publishing,"Fixed-layout ebooks preserve design but are less flexible."
308,Digital & Self-Publishing,"Reflowable ebooks are better for text-heavy books."
309,Digital & Self-Publishing,"Fixed-layout ebooks suit children’s books, comics, and visual manuals."
310,Digital & Self-Publishing,"EPUB is a common ebook format."
311,Digital & Self-Publishing,"MOBI was historically associated with Kindle workflows."
312,Digital & Self-Publishing,"Kindle publishing began in the late 2000s alongside the Kindle ecosystem."
313,Digital & Self-Publishing,"Amazon launched KDP, originally called Digital Text Platform, in November 2007."
314,Digital & Self-Publishing,"KDP helped normalise direct author publishing at scale."
315,Digital & Self-Publishing,"Self-publishing moved from stigma to mainstream option over time."
316,Digital & Self-Publishing,"Print-on-demand made niche books commercially possible."
317,Digital & Self-Publishing,"Niche books do not need mass audiences to be worthwhile."
318,Digital & Self-Publishing,"A narrow buyer problem can create a strong publishing product."
319,Digital & Self-Publishing,"The best indie books often solve a specific reader problem."
320,Digital & Self-Publishing,"A workbook can be more valuable than a long explanation."
321,Digital & Self-Publishing,"Puzzle books are repeatable products because structure can be systematised."
322,Digital & Self-Publishing,"Low-content books still need real quality control."
323,Digital & Self-Publishing,"Low content does not mean low effort if the product is professional."
324,Digital & Self-Publishing,"Sudoku books need uniqueness, solvability, and clean solutions."
325,Digital & Self-Publishing,"Duplicate puzzles weaken a puzzle brand."
326,Digital & Self-Publishing,"Answer keys are part of the product, not an afterthought."
327,Digital & Self-Publishing,"A contents page can improve perceived value in practical books."
328,Digital & Self-Publishing,"A quick-start guide lowers buyer friction."
329,Digital & Self-Publishing,"Buyer confusion creates support burden."
330,Digital & Self-Publishing,"Digital products need unzipping instructions because many buyers struggle with files."
331,Digital & Self-Publishing,"Etsy digital downloads need clear delivery expectations."
332,Digital & Self-Publishing,"A digital product listing should state that no physical item is shipped."
333,Digital & Self-Publishing,"Mockups should not mislead buyers about what is included."
334,Digital & Self-Publishing,"Honest limitations can improve buyer trust."
335,Digital & Self-Publishing,"No guaranteed income is important for business-opportunity products."
336,Publishing Systems,"Publishing is partly manufacturing."
337,Publishing Systems,"Publishing is partly retail."
338,Publishing Systems,"Publishing is partly rights management."
339,Publishing Systems,"Publishing is partly audience building."
340,Publishing Systems,"Publishing is partly risk control."
341,Publishing Systems,"A publisher chooses what not to publish."
342,Publishing Systems,"Focus is a publishing asset."
343,Publishing Systems,"One strong product line usually beats ten unfinished experiments."
344,Publishing Systems,"A repeatable template can become a product engine."
345,Publishing Systems,"Every book project should have a source folder, export folder, proof folder, and final folder."
346,Publishing Systems,"Keeping editable files separate from upload files prevents accidents."
347,Publishing Systems,"Customer-facing files should be cleaner than working files."
348,Publishing Systems,"A README can save more time than another feature."
349,Publishing Systems,"Buyers like knowing what to open first."
350,Publishing Systems,"A launch package should include product files, listing copy, images, and support copy."
351,Publishing Systems,"Good publishing systems make the next product easier."
352,Publishing Systems,"The second product in a system should be faster than the first."
353,Publishing Systems,"A catalogue is stronger when products point to each other."
354,Publishing Systems,"Cross-sells work best when they solve the buyer’s next problem."
355,Publishing Systems,"A beginner product can naturally lead to an advanced product."
356,Publishing Systems,"The best upsell is a logical next step, not a random extra."
357,Publishing Systems,"Publishing income often comes from compounding assets."
358,Publishing Systems,"A backlist can keep selling while new products are built."
359,Publishing Systems,"A small catalogue with clear positioning can outperform a messy large catalogue."
360,Publishing Systems,"The reader does not care how complex the workflow was."
361,Publishing Systems,"The buyer sees the cover, title, promise, price, and trust signals first."
362,Publishing Systems,"A publishing product should be judged by buyer outcome, not creator effort."
363,Publishing Systems,"A boring checklist can be commercially valuable if it prevents mistakes."
364,Publishing Systems,"A publishing system becomes powerful when it removes repeated decisions."
365,Publishing Systems,"The most useful publishing fact: a finished, findable, trusted product beats a brilliant unfinished idea."
